A2,Vogue1B2,B2b
0.999995851176157,0.985806941891802,0.999947468743903
