Vogue1A,Vogue1B,Vogue1B2
0.170838232577934,0.797677110957594,0.985806941891802
