Vogue1A,Vogue1B,Vogue1B2
0.0451452620256355,0.20287703104598,0.277274383504051
