"","var","pval","Fvalue"
"1","BV..number.of.episodes.2.months.",0.087130860628246,2.43530780243378
"2","BV..number.of.episodes.year.",0.428990361971811,1.01161745943323
"3","BV..number.of.episodes.lifetime.",0.960377954694946,0.150138381958377
"4","Shannon.s.Diversity",0.169640784973458,1.74845430535767
