Participants,diag.slope100.,diag.slope10.,diag.slope1.,diag.slope5.
Vogue1B2.01.11,0.016456348,0.011744314,0.011286682,0.011490049
Vogue1B2.01.06,3.82E-05,3.82E-05,3.82E-05,3.82E-05
Vogue1B2.01.07,0.001847353,0.001583549,0.001561282,0.00157109
Vogue1B2.01.08,0.013598936,0.009664048,0.009362235,0.009494749
Vogue1B2.01.09,0.002788302,0.002627833,0.002614001,0.002620107
Vogue1B2.01.10,0.001087507,0.001024209,0.001017984,0.001020749
Vogue1B2.01.12,0.001393628,0.001379428,0.001379311,0.001379333
Vogue1B2.01.15,5.05E-05,5.00E-05,5.00E-05,5.00E-05
