"","variable","glm.eBH","kw.eBH"
"1","rxdrug",0.560372054406339,0.784083449062694
"2","antimicrodrug",0.831774881670527,0.902097667646907
"3","vaginalintercourse48hr",0.905100895644237,0.946658940426034
