"","var","pval","Fvalue"
"1","BV..number.of.episodes.2.months.",0.173762092575455,1.88157894736842
"2","BV..number.of.episodes.year.",0.415655235420807,1.05816535702084
"3","BV..number.of.episodes.lifetime.",0.960654977997717,0.147931852294118
"4","Shannon.s.Diversity",0.0761803626694359,2.62803174407562
