"","variable","glm.eBH","kw.eBH"
"1","Feminine.products.48hrs",0.925286025477534,0.881611959946934
"2","Number.of.Different.HPV.Types",0.110147303002167,0.844809571606459
